{
    "noeuds": {
        "1": [
            184,
            523
        ],
        "2": [
            270,
            229
        ],
        "3": [
            594,
            221
        ],
        "4": [
            735,
            466
        ],
        "5": [
            493,
            578
        ],
        "6": [
            442,
            389
        ],
        "7": [
            342,
            545
        ],
        "8": [
            701,
            609
        ],
        "9": [
            814,
            264
        ],
        "10": [
            423,
            128
        ]
    },
    "arcs": [
        [
            1,
            2,
            300.6825568602209
        ],
        [
            2,
            10,
            188.06381895516213
        ],
        [
            10,
            6,
            263.48624252510797
        ],
        [
            6,
            3,
            229.2596780945136
        ],
        [
            3,
            9,
            231.8361490363399
        ],
        [
            9,
            4,
            211.96697856034086
        ],
        [
            4,
            8,
            142.97202523570826
        ],
        [
            8,
            5,
            203.79646709401024
        ],
        [
            5,
            7,
            151.00993344810135
        ],
        [
            7,
            1,
            160.79800993793424
        ],
        [
            1,
            6,
            292.4995726492605
        ],
        [
            6,
            2,
            230.20208513391012
        ],
        [
            3,
            4,
            284.5434940391363
        ],
        [
            8,
            6,
            336.68531301498734
        ],
        [
            5,
            6,
            193.13207915827965
        ],
        [
            7,
            9,
            549.6626237975437
        ],
        [
            3,
            5,
            372.8002145922129
        ]
    ]
}